username : "root"
password : ""
host : "localhost"
database : "films"

|***********create database********************|
|++++++++++++++++++++++++++++++++++++++++++++++|

create database films;

|++++++++++++++++++++++++++++++++++++++++++++++|
|                                              |
|*************create tables********************|
|                                              |
|++++++++++++++++++++++++++++++++++++++++++++++|
|********************movies********************|
|++++++++++++++++++++++++++++++++++++++++++++++|

create table movies 
( id int not null primary key auto_increment,
title varchar(50), 
description text, 
featured_image longblob not null, 
movie_length int not null, 
movie_release date not null);

|++++++++++++++++++++++++++++++++++++++++++++++++|
|********************category********************|
|++++++++++++++++++++++++++++++++++++++++++++++++|

create table category 
( id int not null primary key auto_increment, 
type varchar(20),
value  varchar(20));

|++++++++++++++++++++++++++++++++++++++++++++++++|
|********************relationship****************|
|++++++++++++++++++++++++++++++++++++++++++++++++|

create table relationship 
( id int not null primary key auto_increment, 
taxonomy_id int, 
movie_id int, 
foreign key (taxonomy_id) 
references category(id) 
on delete cascade 
on update cascade, 
foreign key (movie_id) 
references movies(id) 
on delete cascade 
on update cascade);

|++++++++++++++++++++++++++++++++++++++++++++++++|
|++++++++++++++++++++++++++++++++++++++++++++++++|
|++++++++++++++++++++++++++++++++++++++++++++++++|
|++++++++++++++++++++++++++++++++++++++++++++++++|
|++++++++++++++++++++++++++++++++++++++++++++++++|
|++++++++++++++++++++++++++++++++++++++++++++++++|

mysql> select id , title ,description ,movie_length,movie_release from movies;

+----+---------------+-------------------------+--------------+---------------+
| id | title         | description             | movie_length | movie_release |
+----+---------------+-------------------------+--------------+---------------+
|  1 | jurasik world | a movie about dinosaurs |           90 | 2014-02-01    |
|  2 | kick          | salman khan             |           90 | 2014-02-01    |
|  3 | titanic       | salman khan             |          120 | 2014-04-01    |
|  4 | kick2         | salman khan             |          120 | 2014-05-01    |
|  5 | don2          | salman khan             |          170 | 2015-05-01    |
|  6 | ddlj          | salman khan             |          170 | 2001-05-01    |
|  7 | dabang3       | salman khan             |          180 | 2015-05-01    |
|  8 | dabang        | salman khan             |          180 | 2010-05-01    |
|  9 | dabang2       | salman khan             |          190 | 2010-05-01    |
| 10 | avengers      | salman khan             |          190 | 2010-05-05    |
| 11 | avengers2     | salman khan             |          190 | 2010-05-08    |
| 12 | thor2         | salman khan             |          190 | 2010-04-08    |
| 13 | thor          | salman khan             |          190 | 2010-04-09    |
| 14 | iron man      | salman khan             |          290 | 2012-04-09    |
| 15 | iron man2     | salman khan             |          290 | 2012-07-09    |
+----+---------------+-------------------------+--------------+---------------+
15 rows in set (0.00 sec)

|++++++++++++++++++++++++++++++++++++++++++++++++|
|++++++++++++++++++++++++++++++++++++++++++++++++|
|++++++++++++++++++++++++++++++++++++++++++++++++|

mysql> select * from category;

+----+----------+----------+
| id | type     | value    |
+----+----------+----------+
|  1 | Language | English  |
|  2 | Genre    | Action   |
|  3 | Language | Hindi    |
|  4 | Genre    | Comedy   |
|  5 | Language | Marathi  |
|  6 | Language | Kannad   |
|  7 | Language | Telgu    |
|  8 | Language | Bengali  |
| 11 | Genre    | Romentic |
+----+----------+----------+
9 rows in set (0.00 sec)

|++++++++++++++++++++++++++++++++++++++++++++++++|
|++++++++++++++++++++++++++++++++++++++++++++++++|
|++++++++++++++++++++++++++++++++++++++++++++++++|

mysql> select * from relationship;
+----+-------------+----------+
| id | taxonomy_id | movie_id |
+----+-------------+----------+
|  1 |           1 |        1 |
|  2 |           2 |        1 |
|  3 |           3 |        2 |
|  4 |           4 |        2 |
|  5 |           1 |        3 |
|  6 |           3 |        4 |
|  7 |          11 |        7 |
+----+-------------+----------+
7 rows in set (0.00 sec)

